{"USDAED":3.67249699999999990041033015586435794830322265625,"USDAFN":87.0210589999999939436747808940708637237548828125,"USDALL":105.9467479999999994788595358841121196746826171875,"USDAMD":389.6465349999999716601450927555561065673828125,"USDANG":1.8022080000000000321591642205021344125270843505859375,"USDAOA":504.80098400000002811793820001184940338134765625,"USDARS":205.015100999999987152477842755615711212158203125,"USDAUD":1.4962779999999999969162445268011651933193206787109375,"USDAWG":1.8000000000000000444089209850062616169452667236328125,"USDAZN":1.7052620000000000555218093722942285239696502685546875,"USDBAM":1.814454000000000011283418643870390951633453369140625,"USDBBD":2.003524999999999778310666442848742008209228515625,"USDBDT":107.0043600000000054706106311641633510589599609375,"USDBGN":1.816022999999999942843942335457541048526763916015625,"USDBHD":0.377080000000000026272317654729704372584819793701171875,"USDBIF":2079.653406999999788240529596805572509765625,"USDBMD":1,"USDBND":1.3356399999999999383959448095993138849735260009765625,"USDBOB":6.90509299999999992536459103575907647609710693359375,"USDBRL":5.2425990000000002311253410880453884601593017578125,"USDBSD":1,"USDBTC":3.5530466000000001758167555987455443755607120692729949951171875e-5,"USDBTN":82.6024440000000055306372814811766147613525390625,"USDBWP":13.315459000000000600039129494689404964447021484375,"USDBYN":2.52399299999999993104893292183987796306610107421875,"USDBYR":19600,"USDBZD":2.0048799999999999954525264911353588104248046875,"USDCAD":1.3703700000000000880362449606764130294322967529296875,"USDCDF":2052.00011200000017197453416883945465087890625,"USDCHF":0.9226900000000000101607611213694326579570770263671875,"USDCLF":0.0298169999999999997541966223479903419502079486846923828125,"USDCLP":822.74973799999997936538420617580413818359375,"USDCNY":6.88440000000000029700686354772187769412994384765625,"USDCOP":4813.4300000000002910383045673370361328125,"USDCRC":540.0215230000000019572325982153415679931640625,"USDCUC":1,"USDCUP":26.5,"USDCVE":102.2998209999999943420334602706134319305419921875,"USDCZK":22.092099000000001041144059854559600353240966796875,"USDDJF":177.719994000000014011675375513732433319091796875,"USDDKK":6.9147990000000003618652044679038226604461669921875,"USDDOP":54.79070800000000218688001041300594806671142578125,"USDDZD":135.758953999999988582203513942658901214599609375,"USDEGP":30.899201000000001471335053793154656887054443359375,"USDERN":15,"USDETB":53.8467389999999994643076206557452678680419921875,"USDEUR":0.92858899999999999774757952764048241078853607177734375,"USDFJD":2.215899999999999980815346134477294981479644775390625,"USDFKP":0.8200089999999999879065626373630948364734649658203125,"USDGBP":0.81788600000000000189714910447946749627590179443359375,"USDGEL":2.575022000000000144126488521578721702098846435546875,"USDGGP":0.8200089999999999879065626373630948364734649658203125,"USDGHS":12.2998419999999999419060259242542088031768798828125,"USDGIP":0.8200089999999999879065626373630948364734649658203125,"USDGMD":61.46887699999999910005499259568750858306884765625,"USDGNF":8603.686764000000039231963455677032470703125,"USDGTQ":7.79849700000000023436541596311144530773162841796875,"USDGYD":210.993598999999989018760970793664455413818359375,"USDHKD":7.84874999999999989341858963598497211933135986328125,"USDHNL":24.6629989999999992278389981947839260101318359375,"USDHRK":7.0182739999999999014335116953589022159576416015625,"USDHTG":154.810279000000008409188012592494487762451171875,"USDHUF":361.195030999999971754732541739940643310546875,"USDIDR":15291,"USDILS":3.658329999999999859738863960956223309040069580078125,"USDIMP":0.8200089999999999879065626373630948364734649658203125,"USDINR":82.649349999999998317434801720082759857177734375,"USDIQD":1459.504592000000002371962182223796844482421875,"USDIRR":42249.9997220000004745088517665863037109375,"USDISK":139.390481999999991558070178143680095672607421875,"USDJEP":0.8200089999999999879065626373630948364734649658203125,"USDJMD":151.0223389999999881183612160384654998779296875,"USDJOD":0.70939700000000005530864655156619846820831298828125,"USDJPY":132.368500000000011596057447604835033416748046875,"USDKES":130.4983369999999922583810985088348388671875,"USDKGS":87.4202810000000027912392397411167621612548828125,"USDKHR":4057.81505100000003949389792978763580322265625,"USDKMF":461.74037600000002612432581372559070587158203125,"USDKPW":900.0091280000000324434950016438961029052734375,"USDKRW":1307.274969000000055530108511447906494140625,"USDKWD":0.306589999999999973656628071694285608828067779541015625,"USDKYD":0.83327099999999998392041788974893279373645782470703125,"USDKZT":464.63559400000002597153070382773876190185546875,"USDLAK":16893.8037499999991268850862979888916015625,"USDLBP":15009.648390000000290456227958202362060546875,"USDLKR":323.016976999999997133272700011730194091796875,"USDLRD":161.04952800000000934232957661151885986328125,"USDLSL":18.42037499999999994315658113919198513031005859375,"USDLTL":2.952739999999999920277105047716759145259857177734375,"USDLVL":0.60489000000000003876010623571346513926982879638671875,"USDLYD":4.8065680000000003957438821089453995227813720703125,"USDMAD":10.286201999999999401325112557969987392425537109375,"USDMDL":18.621393000000001194393917103298008441925048828125,"USDMGA":4299.9879399999999805004335939884185791015625,"USDMKD":57.20957700000000301088221021927893161773681640625,"USDMMK":2099.877542000000175903551280498504638671875,"USDMNT":3529.648624999999810825102031230926513671875,"USDMOP":8.0817329999999998335624695755541324615478515625,"USDMRO":356.99982799999997951090335845947265625,"USDMUR":46.4956940000000003010427462868392467498779296875,"USDMVR":15.4520970000000001931539372890256345272064208984375,"USDMWK":1026.347528000000011161318980157375335693359375,"USDMXN":18.6129710000000017089405446313321590423583984375,"USDMYR":4.47403900000000032122215998242609202861785888671875,"USDMZN":63.10045099999999962392394081689417362213134765625,"USDNAD":18.419962999999999198053046711720526218414306640625,"USDNGN":460.4201100000000224099494516849517822265625,"USDNIO":36.57110999999999734200173406861722469329833984375,"USDNOK":10.54640200000000049840309657156467437744140625,"USDNPR":132.16532100000000582440407015383243560791015625,"USDNZD":1.61460500000000006792788553866557776927947998046875,"USDOMR":0.3850379999999999913740111878723837435245513916015625,"USDPAB":0.9999810000000000087538865045644342899322509765625,"USDPEN":3.7779009999999999536157702095806598663330078125,"USDPGK":3.56987100000000001642774805077351629734039306640625,"USDPHP":54.4394989999999978635969455353915691375732421875,"USDPKR":281.6159049999999979263520799577236175537109375,"USDPLN":4.34969499999999964501284921425394713878631591796875,"USDPYG":7198.1223099999997430131770670413970947265625,"USDQAR":3.640972000000000097230667961412109434604644775390625,"USDRON":4.5713039999999995899315763381309807300567626953125,"USDRSD":108.92419399999999995998223312199115753173828125,"USDRUB":77.250013999999993075107340700924396514892578125,"USDRWF":1095.824327000000039333826862275600433349609375,"USDSAR":3.757315999999999878156131671858020126819610595703125,"USDSBD":8.2001650000000001483613232267089188098907470703125,"USDSCR":13.9009079999999993759729477460496127605438232421875,"USDSDG":593.4986470000000053914845921099185943603515625,"USDSEK":10.342420000000000612772055319510400295257568359375,"USDSGD":1.3365650000000000030553337637684307992458343505859375,"USDSHP":1.2167499999999999982236431605997495353221893310546875,"USDSLE":20.90526799999999951751306070946156978607177734375,"USDSLL":19750.0000240000008489005267620086669921875,"USDSOS":569.49800800000002709566615521907806396484375,"USDSRD":34.87849700000000296995494863949716091156005859375,"USDSTD":20697.98100799999883747659623622894287109375,"USDSVC":8.7493390000000008654978955746628344058990478515625,"USDSYP":2511.92851199999995515099726617336273193359375,"USDSZL":18.603162999999998561406755470670759677886962890625,